,Date,Retail Price of Gasoline (Dollars per Gallon)
0,1993-04-05,1.068
1,1993-04-12,1.079
2,1993-04-19,1.079
3,1993-04-26,1.0859999999999999
4,1993-05-03,1.0859999999999999
5,1993-05-10,1.097
6,1993-05-17,1.1059999999999999
7,1993-05-24,1.1059999999999999
8,1993-05-31,1.107
9,1993-06-07,1.104
10,1993-06-14,1.101
11,1993-06-21,1.095
12,1993-06-28,1.089
13,1993-07-05,1.0859999999999999
14,1993-07-12,1.081
15,1993-07-19,1.075
16,1993-07-26,1.069
17,1993-08-02,1.062
18,1993-08-09,1.06
19,1993-08-16,1.0590000000000002
20,1993-08-23,1.065
21,1993-08-30,1.062
22,1993-09-06,1.055
23,1993-09-13,1.051
24,1993-09-20,1.045
25,1993-09-27,1.047
26,1993-10-04,1.092
27,1993-10-11,1.09
28,1993-10-18,1.093
29,1993-10-25,1.092
30,1993-11-01,1.084
31,1993-11-08,1.075
32,1993-11-15,1.064
33,1993-11-22,1.058
34,1993-11-29,1.051
35,1993-12-06,1.036
36,1993-12-13,1.018
37,1993-12-20,1.003
38,1993-12-27,0.9990000000000001
39,1994-01-03,0.992
40,1994-01-10,0.995
41,1994-01-17,1.001
42,1994-01-24,0.9990000000000001
43,1994-01-31,1.005
44,1994-02-07,1.0070000000000001
45,1994-02-14,1.016
46,1994-02-21,1.0090000000000001
47,1994-02-28,1.004
48,1994-03-07,1.0070000000000001
49,1994-03-14,1.005
50,1994-03-21,1.0070000000000001
51,1994-03-28,1.012
52,1994-04-04,1.011
53,1994-04-11,1.028
54,1994-04-18,1.033
55,1994-04-25,1.037
56,1994-05-02,1.04
57,1994-05-09,1.045
58,1994-05-16,1.046
59,1994-05-23,1.05
60,1994-05-30,1.056
61,1994-06-06,1.065
62,1994-06-13,1.073
63,1994-06-20,1.079
64,1994-06-27,1.095
65,1994-07-04,1.097
66,1994-07-11,1.103
67,1994-07-18,1.109
68,1994-07-25,1.114
69,1994-08-01,1.13
70,1994-08-08,1.157
71,1994-08-15,1.161
72,1994-08-22,1.165
73,1994-08-29,1.161
74,1994-09-05,1.156
75,1994-09-12,1.15
76,1994-09-19,1.14
77,1994-09-26,1.129
78,1994-10-03,1.12
79,1994-10-10,1.114
80,1994-10-17,1.1059999999999999
81,1994-10-24,1.107
82,1994-10-31,1.121
83,1994-11-07,1.123
84,1994-11-14,1.122
85,1994-11-21,1.113
86,1994-11-28,1.117
87,1994-12-05,1.127
88,1994-12-12,1.131
89,1994-12-19,1.1340000000000001
90,1994-12-26,1.125
91,1995-01-02,1.127
92,1995-01-09,1.1340000000000001
93,1995-01-16,1.126
94,1995-01-23,1.1320000000000001
95,1995-01-30,1.131
96,1995-02-06,1.124
97,1995-02-13,1.121
98,1995-02-20,1.115
99,1995-02-27,1.121
100,1995-03-06,1.123
101,1995-03-13,1.1159999999999999
102,1995-03-20,1.114
103,1995-03-27,1.121
104,1995-04-03,1.133
105,1995-04-10,1.149
106,1995-04-17,1.163
107,1995-04-24,1.1840000000000002
108,1995-05-01,1.194
109,1995-05-08,1.216
110,1995-05-15,1.226
111,1995-05-22,1.244
112,1995-05-29,1.246
113,1995-06-05,1.246
114,1995-06-12,1.2429999999999999
115,1995-06-19,1.236
116,1995-06-26,1.229
117,1995-07-03,1.222
118,1995-07-10,1.212
119,1995-07-17,1.2
120,1995-07-24,1.1909999999999998
121,1995-07-31,1.179
122,1995-08-07,1.1740000000000002
123,1995-08-14,1.172
124,1995-08-21,1.171
125,1995-08-28,1.163
126,1995-09-04,1.16
127,1995-09-11,1.158
128,1995-09-18,1.157
129,1995-09-25,1.156
130,1995-10-02,1.151
131,1995-10-09,1.1440000000000001
132,1995-10-16,1.133
133,1995-10-23,1.125
134,1995-10-30,1.115
135,1995-11-06,1.112
136,1995-11-13,1.109
137,1995-11-20,1.1059999999999999
138,1995-11-27,1.107
139,1995-12-04,1.1079999999999999
140,1995-12-11,1.11
141,1995-12-18,1.124
142,1995-12-25,1.128
143,1996-01-01,1.129
144,1996-01-08,1.139
145,1996-01-15,1.145
146,1996-01-22,1.138
147,1996-01-29,1.133
148,1996-02-05,1.13
149,1996-02-12,1.126
150,1996-02-19,1.133
151,1996-02-26,1.153
152,1996-03-04,1.17
153,1996-03-11,1.171
154,1996-03-18,1.181
155,1996-03-25,1.21
156,1996-04-01,1.2229999999999999
157,1996-04-08,1.248
158,1996-04-15,1.287
159,1996-04-22,1.301
160,1996-04-29,1.318
161,1996-05-06,1.321
162,1996-05-13,1.3230000000000002
163,1996-05-20,1.33
164,1996-05-27,1.321
165,1996-06-03,1.315
166,1996-06-10,1.307
167,1996-06-17,1.3019999999999998
168,1996-06-24,1.2890000000000001
169,1996-07-01,1.2790000000000001
170,1996-07-08,1.276
171,1996-07-15,1.273
172,1996-07-22,1.272
173,1996-07-29,1.263
174,1996-08-05,1.253
175,1996-08-12,1.248
176,1996-08-19,1.249
177,1996-08-26,1.253
178,1996-09-02,1.242
179,1996-09-09,1.247
180,1996-09-16,1.25
181,1996-09-23,1.251
182,1996-09-30,1.245
183,1996-10-07,1.239
184,1996-10-14,1.248
185,1996-10-21,1.249
186,1996-10-28,1.26
187,1996-11-04,1.268
188,1996-11-11,1.272
189,1996-11-18,1.2819999999999998
190,1996-11-25,1.2890000000000001
191,1996-12-02,1.287
192,1996-12-09,1.287
193,1996-12-16,1.2830000000000001
194,1996-12-23,1.278
195,1996-12-30,1.274
196,1997-01-06,1.272
197,1997-01-13,1.287
198,1997-01-20,1.287
199,1997-01-27,1.284
200,1997-02-03,1.2819999999999998
201,1997-02-10,1.28
202,1997-02-17,1.273
203,1997-02-24,1.27
204,1997-03-03,1.261
205,1997-03-10,1.253
206,1997-03-17,1.246
207,1997-03-24,1.25
208,1997-03-31,1.246
209,1997-04-07,1.248
210,1997-04-14,1.244
211,1997-04-21,1.245
212,1997-04-28,1.24
213,1997-05-05,1.238
214,1997-05-12,1.238
215,1997-05-19,1.247
216,1997-05-26,1.255
217,1997-06-02,1.258
218,1997-06-09,1.251
219,1997-06-16,1.242
220,1997-06-23,1.232
221,1997-06-30,1.226
222,1997-07-07,1.222
223,1997-07-14,1.219
224,1997-07-21,1.222
225,1997-07-28,1.216
226,1997-08-04,1.237
227,1997-08-11,1.272
228,1997-08-18,1.274
229,1997-08-25,1.288
230,1997-09-01,1.287
231,1997-09-08,1.288
232,1997-09-15,1.281
233,1997-09-22,1.2690000000000001
234,1997-09-29,1.255
235,1997-10-06,1.254
236,1997-10-13,1.248
237,1997-10-20,1.238
238,1997-10-27,1.228
239,1997-11-03,1.2209999999999999
240,1997-11-10,1.222
241,1997-11-17,1.213
242,1997-11-24,1.207
243,1997-12-01,1.197
244,1997-12-08,1.187
245,1997-12-15,1.176
246,1997-12-22,1.167
247,1997-12-29,1.158
248,1998-01-05,1.148
249,1998-01-12,1.14
250,1998-01-19,1.129
251,1998-01-26,1.112
252,1998-02-02,1.1079999999999999
253,1998-02-09,1.101
254,1998-02-16,1.085
255,1998-02-23,1.09
256,1998-03-02,1.075
257,1998-03-09,1.065
258,1998-03-16,1.055
259,1998-03-23,1.047
260,1998-03-30,1.077
261,1998-04-06,1.074
262,1998-04-13,1.072
263,1998-04-20,1.075
264,1998-04-27,1.0859999999999999
265,1998-05-04,1.095
266,1998-05-11,1.109
267,1998-05-18,1.109
268,1998-05-25,1.1079999999999999
269,1998-06-01,1.104
270,1998-06-08,1.113
271,1998-06-15,1.104
272,1998-06-22,1.0959999999999999
273,1998-06-29,1.0959999999999999
274,1998-07-06,1.097
275,1998-07-13,1.092
276,1998-07-20,1.097
277,1998-07-27,1.088
278,1998-08-03,1.077
279,1998-08-10,1.072
280,1998-08-17,1.065
281,1998-08-24,1.058
282,1998-08-31,1.053
283,1998-09-07,1.046
284,1998-09-14,1.042
285,1998-09-21,1.053
286,1998-09-28,1.053
287,1998-10-05,1.0590000000000002
288,1998-10-12,1.063
289,1998-10-19,1.058
290,1998-10-26,1.055
291,1998-11-02,1.05
292,1998-11-09,1.048
293,1998-11-16,1.037
294,1998-11-23,1.03
295,1998-11-30,1.015
296,1998-12-07,0.996
297,1998-12-14,0.987
298,1998-12-21,0.986
299,1998-12-28,0.9790000000000001
300,1999-01-04,0.977
301,1999-01-11,0.982
302,1999-01-18,0.985
303,1999-01-25,0.977
304,1999-02-01,0.971
305,1999-02-08,0.968
306,1999-02-15,0.96
307,1999-02-22,0.9490000000000001
308,1999-03-01,0.955
309,1999-03-08,0.963
310,1999-03-15,1.0170000000000001
311,1999-03-22,1.056
312,1999-03-29,1.121
313,1999-04-05,1.158
314,1999-04-12,1.179
315,1999-04-19,1.175
316,1999-04-26,1.171
317,1999-05-03,1.176
318,1999-05-10,1.18
319,1999-05-17,1.18
320,1999-05-24,1.166
321,1999-05-31,1.151
322,1999-06-07,1.1520000000000001
323,1999-06-14,1.148
324,1999-06-21,1.163
325,1999-06-28,1.153
326,1999-07-05,1.165
327,1999-07-12,1.182
328,1999-07-19,1.208
329,1999-07-26,1.232
330,1999-08-02,1.234
331,1999-08-09,1.246
332,1999-08-16,1.275
333,1999-08-23,1.273
334,1999-08-30,1.273
335,1999-09-06,1.2819999999999998
336,1999-09-13,1.29
337,1999-09-20,1.307
338,1999-09-27,1.3019999999999998
339,1999-10-04,1.296
340,1999-10-11,1.29
341,1999-10-18,1.2770000000000001
342,1999-10-25,1.2770000000000001
343,1999-11-01,1.271
344,1999-11-08,1.274
345,1999-11-15,1.2919999999999998
346,1999-11-22,1.3090000000000002
347,1999-11-29,1.315
348,1999-12-06,1.3130000000000002
349,1999-12-13,1.315
350,1999-12-20,1.31
351,1999-12-27,1.314
352,2000-01-03,1.3119999999999998
353,2000-01-10,1.304
354,2000-01-17,1.318
355,2000-01-24,1.354
356,2000-01-31,1.355
357,2000-02-07,1.364
358,2000-02-14,1.3940000000000001
359,2000-02-21,1.443
360,2000-02-28,1.4580000000000002
361,2000-03-06,1.5390000000000001
362,2000-03-13,1.5659999999999998
363,2000-03-20,1.569
364,2000-03-27,1.5490000000000002
365,2000-04-03,1.5430000000000001
366,2000-04-10,1.516
367,2000-04-17,1.486
368,2000-04-24,1.4780000000000002
369,2000-05-01,1.4609999999999999
370,2000-05-08,1.495
371,2000-05-15,1.531
372,2000-05-22,1.5659999999999998
373,2000-05-29,1.579
374,2000-06-05,1.599
375,2000-06-12,1.6640000000000001
376,2000-06-19,1.7109999999999999
377,2000-06-26,1.6909999999999998
378,2000-07-03,1.661
379,2000-07-10,1.63
380,2000-07-17,1.5859999999999999
381,2000-07-24,1.5619999999999998
382,2000-07-31,1.514
383,2000-08-07,1.504
384,2000-08-14,1.489
385,2000-08-21,1.508
386,2000-08-28,1.521
387,2000-09-04,1.568
388,2000-09-11,1.598
389,2000-09-18,1.599
390,2000-09-25,1.5859999999999999
391,2000-10-02,1.5630000000000002
392,2000-10-09,1.541
393,2000-10-16,1.578
394,2000-10-23,1.588
395,2000-10-30,1.584
396,2000-11-06,1.565
397,2000-11-13,1.5619999999999998
398,2000-11-20,1.55
399,2000-11-27,1.5490000000000002
400,2000-12-04,1.526
401,2000-12-11,1.49
402,2000-12-18,1.462
403,2000-12-25,1.453
404,2001-01-01,1.446
405,2001-01-08,1.465
406,2001-01-15,1.5130000000000001
407,2001-01-22,1.511
408,2001-01-29,1.5
409,2001-02-05,1.483
410,2001-02-12,1.515
411,2001-02-19,1.489
412,2001-02-26,1.4709999999999999
413,2001-03-05,1.4569999999999999
414,2001-03-12,1.453
415,2001-03-19,1.444
416,2001-03-26,1.445
417,2001-04-02,1.482
418,2001-04-09,1.54
419,2001-04-16,1.61
420,2001-04-23,1.6580000000000001
421,2001-04-30,1.665
422,2001-05-07,1.739
423,2001-05-14,1.7480000000000002
424,2001-05-21,1.724
425,2001-05-28,1.739
426,2001-06-04,1.715
427,2001-06-11,1.6880000000000002
428,2001-06-18,1.6440000000000001
429,2001-06-25,1.5830000000000002
430,2001-07-02,1.52
431,2001-07-09,1.484
432,2001-07-16,1.459
433,2001-07-23,1.44
434,2001-07-30,1.4280000000000002
435,2001-08-06,1.419
436,2001-08-13,1.4340000000000002
437,2001-08-20,1.4669999999999999
438,2001-08-27,1.5230000000000001
439,2001-09-03,1.579
440,2001-09-10,1.5619999999999998
441,2001-09-17,1.564
442,2001-09-24,1.5219999999999998
443,2001-10-01,1.455
444,2001-10-08,1.393
445,2001-10-15,1.351
446,2001-10-22,1.307
447,2001-10-29,1.2770000000000001
448,2001-11-05,1.249
449,2001-11-12,1.224
450,2001-11-19,1.208
451,2001-11-26,1.168
452,2001-12-03,1.149
453,2001-12-10,1.136
454,2001-12-17,1.101
455,2001-12-24,1.113
456,2001-12-31,1.137
457,2002-01-07,1.1520000000000001
458,2002-01-14,1.1520000000000001
459,2002-01-21,1.146
460,2002-01-28,1.1420000000000001
461,2002-02-04,1.157
462,2002-02-11,1.148
463,2002-02-18,1.157
464,2002-02-25,1.157
465,2002-03-04,1.185
466,2002-03-11,1.262
467,2002-03-18,1.328
468,2002-03-25,1.382
469,2002-04-01,1.412
470,2002-04-08,1.454
471,2002-04-15,1.446
472,2002-04-22,1.446
473,2002-04-29,1.435
474,2002-05-06,1.4369999999999998
475,2002-05-13,1.431
476,2002-05-20,1.439
477,2002-05-27,1.429
478,2002-06-03,1.433
479,2002-06-10,1.4169999999999998
480,2002-06-17,1.419
481,2002-06-24,1.425
482,2002-07-01,1.433
483,2002-07-08,1.423
484,2002-07-15,1.435
485,2002-07-22,1.4509999999999998
486,2002-07-29,1.4469999999999998
487,2002-08-05,1.4369999999999998
488,2002-08-12,1.435
489,2002-08-19,1.4340000000000002
490,2002-08-26,1.444
491,2002-09-02,1.436
492,2002-09-09,1.4369999999999998
493,2002-09-16,1.442
494,2002-09-23,1.436
495,2002-09-30,1.455
496,2002-10-07,1.48
497,2002-10-14,1.4809999999999999
498,2002-10-21,1.499
499,2002-10-28,1.485
500,2002-11-04,1.489
501,2002-11-11,1.48
502,2002-11-18,1.4509999999999998
503,2002-11-25,1.423
504,2002-12-02,1.4080000000000001
505,2002-12-09,1.4040000000000001
506,2002-12-16,1.4069999999999998
507,2002-12-23,1.443
508,2002-12-30,1.484
509,2003-01-06,1.4869999999999999
510,2003-01-13,1.496
511,2003-01-20,1.5019999999999998
512,2003-01-27,1.515
513,2003-02-03,1.569
514,2003-02-10,1.649
515,2003-02-17,1.7009999999999998
516,2003-02-24,1.699
517,2003-03-03,1.726
518,2003-03-10,1.7519999999999998
519,2003-03-17,1.768
520,2003-03-24,1.732
521,2003-03-31,1.692
522,2003-04-07,1.673
523,2003-04-14,1.639
524,2003-04-21,1.618
525,2003-04-28,1.6
526,2003-05-05,1.556
527,2003-05-12,1.534
528,2003-05-19,1.5390000000000001
529,2003-05-26,1.528
530,2003-06-02,1.514
531,2003-06-09,1.53
532,2003-06-16,1.558
533,2003-06-23,1.537
534,2003-06-30,1.528
535,2003-07-07,1.53
536,2003-07-14,1.5630000000000002
537,2003-07-21,1.5659999999999998
538,2003-07-28,1.558
539,2003-08-04,1.5759999999999998
540,2003-08-11,1.611
541,2003-08-18,1.6680000000000001
542,2003-08-25,1.787
543,2003-09-01,1.786
544,2003-09-08,1.758
545,2003-09-15,1.739
546,2003-09-22,1.686
547,2003-09-29,1.635
548,2003-10-06,1.617
549,2003-10-13,1.611
550,2003-10-20,1.6119999999999999
551,2003-10-27,1.584
552,2003-11-03,1.577
553,2003-11-10,1.547
554,2003-11-17,1.54
555,2003-11-24,1.554
556,2003-12-01,1.5330000000000001
557,2003-12-08,1.5190000000000001
558,2003-12-15,1.5090000000000001
559,2003-12-22,1.528
560,2003-12-29,1.521
561,2004-01-05,1.5519999999999998
562,2004-01-12,1.6030000000000002
563,2004-01-19,1.6369999999999998
564,2004-01-26,1.6640000000000001
565,2004-02-02,1.66
566,2004-02-09,1.681
567,2004-02-16,1.69
568,2004-02-23,1.73
569,2004-03-01,1.758
570,2004-03-08,1.78
571,2004-03-15,1.767
572,2004-03-22,1.785
573,2004-03-29,1.8
574,2004-04-05,1.8219999999999998
575,2004-04-12,1.827
576,2004-04-19,1.8530000000000002
577,2004-04-26,1.8530000000000002
578,2004-05-03,1.8840000000000001
579,2004-05-10,1.979
580,2004-05-17,2.055
581,2004-05-24,2.104
582,2004-05-31,2.092
583,2004-06-07,2.075
584,2004-06-14,2.029
585,2004-06-21,1.9809999999999999
586,2004-06-28,1.965
587,2004-07-05,1.939
588,2004-07-12,1.959
589,2004-07-19,1.9709999999999999
590,2004-07-26,1.9480000000000002
591,2004-08-02,1.93
592,2004-08-09,1.92
593,2004-08-16,1.9169999999999998
594,2004-08-23,1.926
595,2004-08-30,1.909
596,2004-09-06,1.893
597,2004-09-13,1.889
598,2004-09-20,1.9080000000000001
599,2004-09-27,1.959
600,2004-10-04,1.98
601,2004-10-11,2.035
602,2004-10-18,2.077
603,2004-10-25,2.074
604,2004-11-01,2.076
605,2004-11-08,2.045
606,2004-11-15,2.0140000000000002
607,2004-11-22,1.992
608,2004-11-29,1.989
609,2004-12-06,1.956
610,2004-12-13,1.893
611,2004-12-20,1.861
612,2004-12-27,1.838
613,2005-01-03,1.824
614,2005-01-10,1.837
615,2005-01-17,1.8630000000000002
616,2005-01-24,1.896
617,2005-01-31,1.953
618,2005-02-07,1.952
619,2005-02-14,1.9409999999999998
620,2005-02-21,1.9480000000000002
621,2005-02-28,1.969
622,2005-03-07,2.04
623,2005-03-14,2.0980000000000003
624,2005-03-21,2.149
625,2005-03-28,2.194
626,2005-04-04,2.258
627,2005-04-11,2.3209999999999997
628,2005-04-18,2.28
629,2005-04-25,2.279
630,2005-05-02,2.2769999999999997
631,2005-05-09,2.231
632,2005-05-16,2.206
633,2005-05-23,2.169
634,2005-05-30,2.141
635,2005-06-06,2.1590000000000003
636,2005-06-13,2.173
637,2005-06-20,2.204
638,2005-06-27,2.2569999999999997
639,2005-07-04,2.2680000000000002
640,2005-07-11,2.369
641,2005-07-18,2.36
642,2005-07-25,2.333
643,2005-08-01,2.335
644,2005-08-08,2.41
645,2005-08-15,2.592
646,2005-08-22,2.654
647,2005-08-29,2.653
648,2005-09-05,3.117
649,2005-09-12,3.002
650,2005-09-19,2.835
651,2005-09-26,2.8510000000000004
652,2005-10-03,2.975
653,2005-10-10,2.8960000000000004
654,2005-10-17,2.775
655,2005-10-24,2.6519999999999997
656,2005-10-31,2.528
657,2005-11-07,2.424
658,2005-11-14,2.342
659,2005-11-21,2.247
660,2005-11-28,2.2
661,2005-12-05,2.191
662,2005-12-12,2.228
663,2005-12-19,2.255
664,2005-12-26,2.241
665,2006-01-02,2.281
666,2006-01-09,2.371
667,2006-01-16,2.366
668,2006-01-23,2.3819999999999997
669,2006-01-30,2.4019999999999997
670,2006-02-06,2.388
671,2006-02-13,2.331
672,2006-02-20,2.286
673,2006-02-27,2.298
674,2006-03-06,2.373
675,2006-03-13,2.408
676,2006-03-20,2.548
677,2006-03-27,2.542
678,2006-04-03,2.6310000000000002
679,2006-04-10,2.727
680,2006-04-17,2.8280000000000003
681,2006-04-24,2.96
682,2006-05-01,2.966
683,2006-05-08,2.955
684,2006-05-15,2.992
685,2006-05-22,2.938
686,2006-05-29,2.9130000000000003
687,2006-06-05,2.937
688,2006-06-12,2.951
689,2006-06-19,2.917
690,2006-06-26,2.9139999999999997
691,2006-07-03,2.9789999999999996
692,2006-07-10,3.017
693,2006-07-17,3.033
694,2006-07-24,3.048
695,2006-07-31,3.05
696,2006-08-07,3.083
697,2006-08-14,3.0469999999999997
698,2006-08-21,2.971
699,2006-08-28,2.8930000000000002
700,2006-09-04,2.7769999999999997
701,2006-09-11,2.67
702,2006-09-18,2.549
703,2006-09-25,2.4290000000000003
704,2006-10-02,2.36
705,2006-10-09,2.31
706,2006-10-16,2.274
707,2006-10-23,2.255
708,2006-10-30,2.2640000000000002
709,2006-11-06,2.246
710,2006-11-13,2.278
711,2006-11-20,2.285
712,2006-11-27,2.292
713,2006-12-04,2.342
714,2006-12-11,2.34
715,2006-12-18,2.366
716,2006-12-25,2.387
717,2007-01-01,2.3819999999999997
718,2007-01-08,2.354
719,2007-01-15,2.28
720,2007-01-22,2.2159999999999997
721,2007-01-29,2.213
722,2007-02-05,2.237
723,2007-02-12,2.287
724,2007-02-19,2.3409999999999997
725,2007-02-26,2.428
726,2007-03-05,2.551
727,2007-03-12,2.605
728,2007-03-19,2.623
729,2007-03-26,2.655
730,2007-04-02,2.753
731,2007-04-09,2.8480000000000003
732,2007-04-16,2.9219999999999997
733,2007-04-23,2.917
734,2007-04-30,3.017
735,2007-05-07,3.097
736,2007-05-14,3.1430000000000002
737,2007-05-21,3.258
738,2007-05-28,3.25
739,2007-06-04,3.2
740,2007-06-11,3.122
741,2007-06-18,3.057
742,2007-06-25,3.029
743,2007-07-02,3.005
744,2007-07-09,3.0260000000000002
745,2007-07-16,3.092
746,2007-07-23,3.005
747,2007-07-30,2.926
748,2007-08-06,2.888
749,2007-08-13,2.821
750,2007-08-20,2.832
751,2007-08-27,2.7960000000000003
752,2007-09-03,2.84
753,2007-09-10,2.862
754,2007-09-17,2.835
755,2007-09-24,2.86
756,2007-10-01,2.838
757,2007-10-08,2.821
758,2007-10-15,2.813
759,2007-10-22,2.873
760,2007-10-29,2.9210000000000003
761,2007-11-05,3.06
762,2007-11-12,3.158
763,2007-11-19,3.148
764,2007-11-26,3.147
765,2007-12-03,3.113
766,2007-12-10,3.053
767,2007-12-17,3.05
768,2007-12-24,3.032
769,2007-12-31,3.1039999999999996
770,2008-01-07,3.159
771,2008-01-14,3.1189999999999998
772,2008-01-21,3.07
773,2008-01-28,3.03
774,2008-02-04,3.03
775,2008-02-11,3.011
776,2008-02-18,3.092
777,2008-02-25,3.18
778,2008-03-03,3.2119999999999997
779,2008-03-10,3.273
780,2008-03-17,3.332
781,2008-03-24,3.31
782,2008-03-31,3.339
783,2008-04-07,3.3810000000000002
784,2008-04-14,3.438
785,2008-04-21,3.557
786,2008-04-28,3.653
787,2008-05-05,3.6630000000000003
788,2008-05-12,3.7710000000000004
789,2008-05-19,3.84
790,2008-05-26,3.986
791,2008-06-02,4.026
792,2008-06-09,4.09
793,2008-06-16,4.1339999999999995
794,2008-06-23,4.131
795,2008-06-30,4.146
796,2008-07-07,4.165
797,2008-07-14,4.164
798,2008-07-21,4.118
799,2008-07-28,4.01
800,2008-08-04,3.935
801,2008-08-11,3.864
802,2008-08-18,3.7939999999999996
803,2008-08-25,3.738
804,2008-09-01,3.733
805,2008-09-08,3.701
806,2008-09-15,3.887
807,2008-09-22,3.772
808,2008-09-29,3.687
809,2008-10-06,3.543
810,2008-10-13,3.213
811,2008-10-20,2.9739999999999998
812,2008-10-27,2.718
813,2008-11-03,2.4619999999999997
814,2008-11-10,2.2840000000000003
815,2008-11-17,2.1319999999999997
816,2008-11-24,1.952
817,2008-12-01,1.87
818,2008-12-08,1.758
819,2008-12-15,1.716
820,2008-12-22,1.71
821,2008-12-29,1.67
822,2009-01-05,1.7369999999999999
823,2009-01-12,1.835
824,2009-01-19,1.8980000000000001
825,2009-01-26,1.89
826,2009-02-02,1.944
827,2009-02-09,1.9780000000000002
828,2009-02-16,2.016
829,2009-02-23,1.963
830,2009-03-02,1.9880000000000002
831,2009-03-09,1.993
832,2009-03-16,1.964
833,2009-03-23,2.0140000000000002
834,2009-03-30,2.097
835,2009-04-06,2.09
836,2009-04-13,2.104
837,2009-04-20,2.112
838,2009-04-27,2.102
839,2009-05-04,2.129
840,2009-05-11,2.29
841,2009-05-18,2.36
842,2009-05-25,2.485
843,2009-06-01,2.572
844,2009-06-08,2.673
845,2009-06-15,2.722
846,2009-06-22,2.7430000000000003
847,2009-06-29,2.695
848,2009-07-06,2.6660000000000004
849,2009-07-13,2.5839999999999996
850,2009-07-20,2.519
851,2009-07-27,2.557
852,2009-08-03,2.61
853,2009-08-10,2.7
854,2009-08-17,2.6910000000000003
855,2009-08-24,2.682
856,2009-08-31,2.667
857,2009-09-07,2.642
858,2009-09-14,2.6319999999999997
859,2009-09-21,2.6069999999999998
860,2009-09-28,2.5540000000000003
861,2009-10-05,2.523
862,2009-10-12,2.543
863,2009-10-19,2.6260000000000003
864,2009-10-26,2.727
865,2009-11-02,2.7460000000000004
866,2009-11-09,2.72
867,2009-11-16,2.6839999999999997
868,2009-11-23,2.694
869,2009-11-30,2.6839999999999997
870,2009-12-07,2.6889999999999996
871,2009-12-14,2.655
872,2009-12-21,2.645
873,2009-12-28,2.662
874,2010-01-04,2.718
875,2010-01-11,2.804
876,2010-01-18,2.793
877,2010-01-25,2.76
878,2010-02-01,2.717
879,2010-02-08,2.707
880,2010-02-15,2.6639999999999997
881,2010-02-22,2.7089999999999996
882,2010-03-01,2.7560000000000002
883,2010-03-08,2.804
884,2010-03-15,2.841
885,2010-03-22,2.87
886,2010-03-29,2.8510000000000004
887,2010-04-05,2.877
888,2010-04-12,2.909
889,2010-04-19,2.911
890,2010-04-26,2.9010000000000002
891,2010-05-03,2.95
892,2010-05-10,2.958
893,2010-05-17,2.918
894,2010-05-24,2.842
895,2010-05-31,2.784
896,2010-06-07,2.78
897,2010-06-14,2.7560000000000002
898,2010-06-21,2.795
899,2010-06-28,2.8089999999999997
900,2010-07-05,2.779
901,2010-07-12,2.7710000000000004
902,2010-07-19,2.775
903,2010-07-26,2.801
904,2010-08-02,2.7880000000000003
905,2010-08-09,2.835
906,2010-08-16,2.798
907,2010-08-23,2.759
908,2010-08-30,2.736
909,2010-09-06,2.735
910,2010-09-13,2.772
911,2010-09-20,2.775
912,2010-09-27,2.747
913,2010-10-04,2.784
914,2010-10-11,2.8710000000000004
915,2010-10-18,2.887
916,2010-10-25,2.87
917,2010-11-01,2.861
918,2010-11-08,2.917
919,2010-11-15,2.944
920,2010-11-22,2.931
921,2010-11-29,2.912
922,2010-12-06,3.013
923,2010-12-13,3.035
924,2010-12-20,3.037
925,2010-12-27,3.1060000000000003
926,2011-01-03,3.1239999999999997
927,2011-01-10,3.142
928,2011-01-17,3.158
929,2011-01-24,3.1630000000000003
930,2011-01-31,3.155
931,2011-02-07,3.185
932,2011-02-14,3.193
933,2011-02-21,3.2430000000000003
934,2011-02-28,3.435
935,2011-03-07,3.572
936,2011-03-14,3.6210000000000004
937,2011-03-21,3.617
938,2011-03-28,3.65
939,2011-04-04,3.737
940,2011-04-11,3.843
941,2011-04-18,3.8960000000000004
942,2011-04-25,3.932
943,2011-05-02,4.013999999999999
944,2011-05-09,4.018
945,2011-05-16,4.013999999999999
946,2011-05-23,3.904
947,2011-05-30,3.8480000000000003
948,2011-06-06,3.833
949,2011-06-13,3.767
950,2011-06-20,3.708
951,2011-06-27,3.6310000000000002
952,2011-07-04,3.634
953,2011-07-11,3.695
954,2011-07-18,3.736
955,2011-07-25,3.7539999999999996
956,2011-08-01,3.766
957,2011-08-08,3.73
958,2011-08-15,3.662
959,2011-08-22,3.638
960,2011-08-29,3.682
961,2011-09-05,3.727
962,2011-09-12,3.715
963,2011-09-19,3.657
964,2011-09-26,3.568
965,2011-10-03,3.492
966,2011-10-10,3.4760000000000004
967,2011-10-17,3.533
968,2011-10-24,3.52
969,2011-10-31,3.511
970,2011-11-07,3.4819999999999998
971,2011-11-14,3.495
972,2011-11-21,3.427
973,2011-11-28,3.3680000000000003
974,2011-12-05,3.35
975,2011-12-12,3.346
976,2011-12-19,3.29
977,2011-12-26,3.3169999999999997
978,2012-01-02,3.358
979,2012-01-09,3.4410000000000003
980,2012-01-16,3.451
981,2012-01-23,3.45
982,2012-01-30,3.5
983,2012-02-06,3.542
984,2012-02-13,3.5839999999999996
985,2012-02-20,3.6519999999999997
986,2012-02-27,3.78
987,2012-03-05,3.8489999999999998
988,2012-03-12,3.884
989,2012-03-19,3.923
990,2012-03-26,3.9730000000000003
991,2012-04-02,3.9960000000000004
992,2012-04-09,3.997
993,2012-04-16,3.98
994,2012-04-23,3.929
995,2012-04-30,3.889
996,2012-05-07,3.8489999999999998
997,2012-05-14,3.8139999999999996
998,2012-05-21,3.773
999,2012-05-28,3.728
1000,2012-06-04,3.6710000000000003
1001,2012-06-11,3.6289999999999996
1002,2012-06-18,3.589
1003,2012-06-25,3.4939999999999998
1004,2012-07-02,3.415
1005,2012-07-09,3.469
1006,2012-07-16,3.485
1007,2012-07-23,3.554
1008,2012-07-30,3.568
1009,2012-08-06,3.702
1010,2012-08-13,3.779
1011,2012-08-20,3.803
1012,2012-08-27,3.8369999999999997
1013,2012-09-03,3.903
1014,2012-09-10,3.907
1015,2012-09-17,3.9389999999999996
1016,2012-09-24,3.889
1017,2012-10-01,3.866
1018,2012-10-08,3.9139999999999997
1019,2012-10-15,3.886
1020,2012-10-22,3.7560000000000002
1021,2012-10-29,3.638
1022,2012-11-05,3.563
1023,2012-11-12,3.5180000000000002
1024,2012-11-19,3.497
1025,2012-11-26,3.505
1026,2012-12-03,3.463
1027,2012-12-10,3.4189999999999996
1028,2012-12-17,3.324
1029,2012-12-24,3.3280000000000003
1030,2012-12-31,3.3689999999999998
1031,2013-01-07,3.373
1032,2013-01-14,3.377
1033,2013-01-21,3.386
1034,2013-01-28,3.427
1035,2013-02-04,3.6039999999999996
1036,2013-02-11,3.677
1037,2013-02-18,3.812
1038,2013-02-25,3.8510000000000004
1039,2013-03-04,3.826
1040,2013-03-11,3.779
1041,2013-03-18,3.764
1042,2013-03-25,3.7460000000000004
1043,2013-04-01,3.714
1044,2013-04-08,3.676
1045,2013-04-15,3.611
1046,2013-04-22,3.603
1047,2013-04-29,3.5869999999999997
1048,2013-05-06,3.602
1049,2013-05-13,3.665
1050,2013-05-20,3.7289999999999996
1051,2013-05-27,3.7039999999999997
1052,2013-06-03,3.705
1053,2013-06-10,3.715
1054,2013-06-17,3.6889999999999996
1055,2013-06-24,3.645
1056,2013-07-01,3.5669999999999997
1057,2013-07-08,3.563
1058,2013-07-15,3.7060000000000004
1059,2013-07-22,3.7510000000000003
1060,2013-07-29,3.716
1061,2013-08-05,3.701
1062,2013-08-12,3.633
1063,2013-08-19,3.622
1064,2013-08-26,3.623
1065,2013-09-02,3.678
1066,2013-09-09,3.658
1067,2013-09-16,3.6189999999999998
1068,2013-09-23,3.5669999999999997
1069,2013-09-30,3.4989999999999997
1070,2013-10-07,3.4410000000000003
1071,2013-10-14,3.43
1072,2013-10-21,3.435
1073,2013-10-28,3.372
1074,2013-11-04,3.343
1075,2013-11-11,3.2739999999999996
1076,2013-11-18,3.298
1077,2013-11-25,3.372
1078,2013-12-02,3.353
1079,2013-12-09,3.35
1080,2013-12-16,3.321
1081,2013-12-23,3.3510000000000004
1082,2013-12-30,3.409
1083,2014-01-06,3.411
1084,2014-01-13,3.406
1085,2014-01-20,3.3760000000000003
1086,2014-01-27,3.375
1087,2014-02-03,3.372
1088,2014-02-10,3.388
1089,2014-02-17,3.457
1090,2014-02-24,3.52
1091,2014-03-03,3.553
1092,2014-03-10,3.5839999999999996
1093,2014-03-17,3.6189999999999998
1094,2014-03-24,3.622
1095,2014-03-31,3.6510000000000002
1096,2014-04-07,3.67
1097,2014-04-14,3.725
1098,2014-04-21,3.758
1099,2014-04-28,3.7880000000000003
1100,2014-05-05,3.761
1101,2014-05-12,3.7460000000000004
1102,2014-05-19,3.7430000000000003
1103,2014-05-26,3.75
1104,2014-06-02,3.765
1105,2014-06-09,3.7489999999999997
1106,2014-06-16,3.76
1107,2014-06-23,3.778
1108,2014-06-30,3.778
1109,2014-07-07,3.753
1110,2014-07-14,3.7119999999999997
1111,2014-07-21,3.6710000000000003
1112,2014-07-28,3.617
1113,2014-08-04,3.595
1114,2014-08-11,3.582
1115,2014-08-18,3.549
1116,2014-08-25,3.532
1117,2014-09-01,3.536
1118,2014-09-08,3.534
1119,2014-09-15,3.485
1120,2014-09-22,3.432
1121,2014-09-29,3.4339999999999997
1122,2014-10-06,3.3819999999999997
1123,2014-10-13,3.292
1124,2014-10-20,3.205
1125,2014-10-27,3.139
1126,2014-11-03,3.077
1127,2014-11-10,3.025
1128,2014-11-17,2.978
1129,2014-11-24,2.907
1130,2014-12-01,2.864
1131,2014-12-08,2.767
1132,2014-12-15,2.6430000000000002
1133,2014-12-22,2.496
1134,2014-12-29,2.392
1135,2015-01-05,2.3080000000000003
1136,2015-01-12,2.2319999999999998
1137,2015-01-19,2.157
1138,2015-01-26,2.133
1139,2015-02-02,2.154
1140,2015-02-09,2.276
1141,2015-02-16,2.358
1142,2015-02-23,2.415
1143,2015-03-02,2.556
1144,2015-03-09,2.57
1145,2015-03-16,2.537
1146,2015-03-23,2.5380000000000003
1147,2015-03-30,2.531
1148,2015-04-06,2.499
1149,2015-04-13,2.494
1150,2015-04-20,2.57
1151,2015-04-27,2.656
1152,2015-05-04,2.7489999999999997
1153,2015-05-11,2.7760000000000002
1154,2015-05-18,2.827
1155,2015-05-25,2.8569999999999998
1156,2015-06-01,2.863
1157,2015-06-08,2.863
1158,2015-06-15,2.918
1159,2015-06-22,2.895
1160,2015-06-29,2.885
1161,2015-07-06,2.877
1162,2015-07-13,2.92
1163,2015-07-20,2.888
1164,2015-07-27,2.833
1165,2015-08-03,2.779
1166,2015-08-10,2.72
1167,2015-08-17,2.803
1168,2015-08-24,2.7260000000000004
1169,2015-08-31,2.602
1170,2015-09-07,2.532
1171,2015-09-14,2.471
1172,2015-09-21,2.425
1173,2015-09-28,2.418
1174,2015-10-05,2.415
1175,2015-10-12,2.432
1176,2015-10-19,2.374
1177,2015-10-26,2.326
1178,2015-11-02,2.322
1179,2015-11-09,2.335
1180,2015-11-16,2.281
1181,2015-11-23,2.198
1182,2015-11-30,2.165
1183,2015-12-07,2.1590000000000003
1184,2015-12-14,2.144
1185,2015-12-21,2.133
1186,2015-12-28,2.141
1187,2016-01-04,2.135
1188,2016-01-11,2.104
1189,2016-01-18,2.022
1190,2016-01-25,1.965
1191,2016-02-01,1.932
1192,2016-02-08,1.87
1193,2016-02-15,1.834
1194,2016-02-22,1.837
1195,2016-02-29,1.8869999999999998
1196,2016-03-07,1.943
1197,2016-03-14,2.062
1198,2016-03-21,2.109
1199,2016-03-28,2.169
1200,2016-04-04,2.185
1201,2016-04-11,2.173
1202,2016-04-18,2.24
1203,2016-04-25,2.265
1204,2016-05-02,2.342
1205,2016-05-09,2.325
1206,2016-05-16,2.345
1207,2016-05-23,2.403
1208,2016-05-30,2.44
1209,2016-06-06,2.4819999999999998
1210,2016-06-13,2.499
1211,2016-06-20,2.455
1212,2016-06-27,2.432
1213,2016-07-04,2.396
1214,2016-07-11,2.359
1215,2016-07-18,2.336
1216,2016-07-25,2.289
1217,2016-08-01,2.267
1218,2016-08-08,2.256
1219,2016-08-15,2.256
1220,2016-08-22,2.299
1221,2016-08-29,2.3409999999999997
1222,2016-09-05,2.329
1223,2016-09-12,2.31
1224,2016-09-19,2.333
1225,2016-09-26,2.334
1226,2016-10-03,2.354
1227,2016-10-10,2.381
1228,2016-10-17,2.367
1229,2016-10-24,2.353
1230,2016-10-31,2.3409999999999997
1231,2016-11-07,2.345
1232,2016-11-14,2.298
1233,2016-11-21,2.269
1234,2016-11-28,2.2680000000000002
1235,2016-12-05,2.3209999999999997
1236,2016-12-12,2.347
1237,2016-12-19,2.375
1238,2016-12-26,2.419
1239,2017-01-02,2.485
1240,2017-01-09,2.496
1241,2017-01-16,2.467
1242,2017-01-23,2.436
1243,2017-01-30,2.408
1244,2017-02-06,2.405
1245,2017-02-13,2.418
1246,2017-02-20,2.414
1247,2017-02-27,2.427
1248,2017-03-06,2.452
1249,2017-03-13,2.434
1250,2017-03-20,2.4330000000000003
1251,2017-03-27,2.428
1252,2017-04-03,2.471
1253,2017-04-10,2.5340000000000003
1254,2017-04-17,2.546
1255,2017-04-24,2.559
1256,2017-05-01,2.522
1257,2017-05-08,2.484
1258,2017-05-15,2.481
1259,2017-05-22,2.51
1260,2017-05-29,2.516
1261,2017-06-05,2.525
1262,2017-06-12,2.479
1263,2017-06-19,2.4330000000000003
1264,2017-06-26,2.404
1265,2017-07-03,2.376
1266,2017-07-10,2.411
1267,2017-07-17,2.392
1268,2017-07-24,2.426
1269,2017-07-31,2.467
1270,2017-08-07,2.492
1271,2017-08-14,2.497
1272,2017-08-21,2.474
1273,2017-08-28,2.513
1274,2017-09-04,2.7939999999999996
1275,2017-09-11,2.8
1276,2017-09-18,2.75
1277,2017-09-25,2.701
1278,2017-10-02,2.682
1279,2017-10-09,2.622
1280,2017-10-16,2.605
1281,2017-10-23,2.594
1282,2017-10-30,2.602
1283,2017-11-06,2.673
1284,2017-11-13,2.7060000000000004
1285,2017-11-20,2.6830000000000003
1286,2017-11-27,2.648
1287,2017-12-04,2.617
1288,2017-12-11,2.6010000000000004
1289,2017-12-18,2.568
1290,2017-12-25,2.589
1291,2018-01-01,2.637
1292,2018-01-08,2.639
1293,2018-01-15,2.673
1294,2018-01-22,2.6839999999999997
1295,2018-01-29,2.7230000000000003
1296,2018-02-05,2.753
1297,2018-02-12,2.7239999999999998
1298,2018-02-19,2.676
1299,2018-02-26,2.6660000000000004
1300,2018-03-05,2.679
1301,2018-03-12,2.677
1302,2018-03-19,2.716
1303,2018-03-26,2.764
1304,2018-04-02,2.8169999999999997
1305,2018-04-09,2.8110000000000004
1306,2018-04-16,2.863
1307,2018-04-23,2.9139999999999997
1308,2018-04-30,2.9610000000000003
1309,2018-05-07,2.96
1310,2018-05-14,2.949
1311,2018-05-21,2.9989999999999997
1312,2018-05-28,3.0389999999999997
1313,2018-06-04,3.0180000000000002
1314,2018-06-11,2.989
1315,2018-06-18,2.958
1316,2018-06-25,2.9130000000000003
1317,2018-07-02,2.924
1318,2018-07-09,2.937
1319,2018-07-16,2.943
1320,2018-07-23,2.911
1321,2018-07-30,2.924
1322,2018-08-06,2.93
1323,2018-08-13,2.9210000000000003
1324,2018-08-20,2.9
1325,2018-08-27,2.906
1326,2018-09-03,2.903
1327,2018-09-10,2.912
1328,2018-09-17,2.9210000000000003
1329,2018-09-24,2.923
1330,2018-10-01,2.947
1331,2018-10-08,2.984
1332,2018-10-15,2.9610000000000003
1333,2018-10-22,2.925
1334,2018-10-29,2.8960000000000004
1335,2018-11-05,2.84
1336,2018-11-12,2.773
1337,2018-11-19,2.7
1338,2018-11-26,2.63
1339,2018-12-03,2.544
1340,2018-12-10,2.511
1341,2018-12-17,2.46
1342,2018-12-24,2.4130000000000003
1343,2018-12-31,2.358
1344,2019-01-07,2.329
1345,2019-01-14,2.338
1346,2019-01-21,2.34
1347,2019-01-28,2.343
1348,2019-02-04,2.3409999999999997
1349,2019-02-11,2.3609999999999998
1350,2019-02-18,2.4
1351,2019-02-25,2.471
1352,2019-03-04,2.502
1353,2019-03-11,2.549
1354,2019-03-18,2.625
1355,2019-03-25,2.701
1356,2019-04-01,2.77
1357,2019-04-08,2.826
1358,2019-04-15,2.912
1359,2019-04-22,2.926
1360,2019-04-29,2.972
1361,2019-05-06,2.983
1362,2019-05-13,2.9539999999999997
1363,2019-05-20,2.9389999999999996
1364,2019-05-27,2.909
1365,2019-06-03,2.8930000000000002
1366,2019-06-10,2.821
1367,2019-06-17,2.759
1368,2019-06-24,2.741
1369,2019-07-01,2.798
1370,2019-07-08,2.827
1371,2019-07-15,2.86
1372,2019-07-22,2.833
1373,2019-07-29,2.798
1374,2019-08-05,2.772
1375,2019-08-12,2.71
1376,2019-08-19,2.6839999999999997
1377,2019-08-26,2.661
1378,2019-09-02,2.6510000000000002
1379,2019-09-09,2.638
1380,2019-09-16,2.64
1381,2019-09-23,2.741
1382,2019-09-30,2.737
1383,2019-10-07,2.742
1384,2019-10-14,2.727
1385,2019-10-21,2.735
1386,2019-10-28,2.6919999999999997
1387,2019-11-04,2.702
1388,2019-11-11,2.7110000000000003
1389,2019-11-18,2.688
1390,2019-11-25,2.6719999999999997
1391,2019-12-02,2.667
1392,2019-12-09,2.6519999999999997
1393,2019-12-16,2.627
1394,2019-12-23,2.6210000000000004
1395,2019-12-30,2.658
1396,2020-01-06,2.665
1397,2020-01-13,2.657
1398,2020-01-20,2.625
1399,2020-01-27,2.595
1400,2020-02-03,2.546
1401,2020-02-10,2.511
1402,2020-02-17,2.5180000000000002
1403,2020-02-24,2.555
1404,2020-03-02,2.5140000000000002
1405,2020-03-09,2.468
1406,2020-03-16,2.343
1407,2020-03-23,2.217
1408,2020-03-30,2.103
1409,2020-04-06,2.022
1410,2020-04-13,1.9509999999999998
1411,2020-04-20,1.91
1412,2020-04-27,1.87
1413,2020-05-04,1.883
1414,2020-05-11,1.9409999999999998
1415,2020-05-18,1.969
1416,2020-05-25,2.049
1417,2020-06-01,2.064
1418,2020-06-08,2.123
1419,2020-06-15,2.185
1420,2020-06-22,2.2159999999999997
1421,2020-06-29,2.26
1422,2020-07-06,2.265
1423,2020-07-13,2.283
1424,2020-07-20,2.275
1425,2020-07-27,2.265
1426,2020-08-03,2.266
1427,2020-08-10,2.256
1428,2020-08-17,2.256
1429,2020-08-24,2.272
1430,2020-08-31,2.311
1431,2020-09-07,2.302
1432,2020-09-14,2.274
1433,2020-09-21,2.259
1434,2020-09-28,2.259
1435,2020-10-05,2.262
1436,2020-10-12,2.2569999999999997
1437,2020-10-19,2.24
1438,2020-10-26,2.234
1439,2020-11-02,2.204
1440,2020-11-09,2.188
1441,2020-11-16,2.202
1442,2020-11-23,2.194
1443,2020-11-30,2.211
1444,2020-12-07,2.246
1445,2020-12-14,2.247
1446,2020-12-21,2.311
1447,2020-12-28,2.33
1448,2021-01-04,2.336
1449,2021-01-11,2.403
1450,2021-01-18,2.464
1451,2021-01-25,2.478
1452,2021-02-01,2.495
1453,2021-02-08,2.548
1454,2021-02-15,2.588
1455,2021-02-22,2.717
1456,2021-03-01,2.7960000000000003
1457,2021-03-08,2.8569999999999998
1458,2021-03-15,2.94
1459,2021-03-22,2.9539999999999997
1460,2021-03-29,2.9410000000000003
1461,2021-04-05,2.945
1462,2021-04-12,2.9389999999999996
1463,2021-04-19,2.945
1464,2021-04-26,2.9619999999999997
1465,2021-05-03,2.9810000000000003
1466,2021-05-10,3.051
1467,2021-05-17,3.1180000000000003
1468,2021-05-24,3.112
1469,2021-05-31,3.1189999999999998
1470,2021-06-07,3.128
1471,2021-06-14,3.161
1472,2021-06-21,3.153
1473,2021-06-28,3.185
1474,2021-07-05,3.216
1475,2021-07-12,3.227
1476,2021-07-19,3.247
1477,2021-07-26,3.2319999999999998
1478,2021-08-02,3.2560000000000002
1479,2021-08-09,3.2689999999999997
1480,2021-08-16,3.272
1481,2021-08-23,3.2430000000000003
1482,2021-08-30,3.237
1483,2021-09-06,3.273
1484,2021-09-13,3.262
1485,2021-09-20,3.28
1486,2021-09-27,3.2710000000000004
1487,2021-10-04,3.285
1488,2021-10-11,3.36
1489,2021-10-18,3.4160000000000004
1490,2021-10-25,3.4760000000000004
1491,2021-11-01,3.484
1492,2021-11-08,3.505
1493,2021-11-15,3.495
1494,2021-11-22,3.4930000000000003
1495,2021-11-29,3.478
1496,2021-12-06,3.44
1497,2021-12-13,3.4139999999999997
1498,2021-12-20,3.395
